user,game,genre
hambinooo,"""PLAYERUNKNOWN'S BATTLEGROUNDS""",
jasond984,'',
godisalwaysgreat,'',
xballad_of_beretsx,'',
devilbaa1,'',
canadope,'',
oskare2,'',
twelfth_hour,'',
pendriwow,'',
rikimaru184,'',
allegrolike,'',
tfrtyfftyrjj,'',
noobslayyyya89,'',
niiiiiiiinjaaaa,'',
say_hi_to_felix_for_me,'',
couldrin,'',
darkenemyzzz,'',
she_oof13,'',
alphaxmain,'',
rex_yt__,'',
dxrk1018,'',
ggirltv,'',
kostasadl,'',
chesslatte,'',
dtqjed,'',
anonanimalia,'',
drumbum12000,'',
aeonflowmusic,'',
squishypat,'',
yourinl,'',
beatsbmmusic,'',
dannyivey,'',
jimfromchicago_,'',
dennistysonpleinair,'',
ganldolfthegrey,'',
supranovans,'',
volpino09,'',
xposed_,'',
wogur505,'',
6deathmachine66,'',
testingthesenuts,'',
xhotline,'',
raiyuden,'',
moreladore,'',
robustesports,'',
extraamlg,'',
anonymousontwitter,'',
teemak,'',
manup_pew,'',
caboose38,'',
sprayingbricks,'',
kxnghiram0,'',
petepowerful,'',
xwushlegend,'',
robotboy6000,'',
noxleague,'',
salvation24,'',
nonaldo33,'',
jerkyg,'',
somekiller,'',
lewoforever,'',
asianbatkid,'',
scottish_vp,'',
intentionalglitch,'',
krazie888,'',
hl00r1,'',
taracake,'',
kgb79,'',
thestevoshow,'',
dogzgamer,'',
zugzwangpoker,'',
ruizobear,'',
momonv1985,'',
trophyyboyy,'',
natheism,'',
bmaine,'',
malukudoreggae,'',
ienjoyyourmom,'',
brunoeliasss,'',
harazardryuk,'',
zum_sz,'',
maikzaiacz,'',
th3us_cs,'',
tuliohbarros11,'',
babuen0,'',
deblackzila,'',
carloscleto,'',
thek1ngod,'',
rriqueti,'',
gabrielbolasantanna,'',
esquiloastrona,'',
rennegad0,'',
gusthavoad,'',
frooxzs,'',
ggzao,'',
magones,'',
feguga,'',
br_zika,'',
rickcsgo,'',
marcozz_,'',
lovl,'',
rafaeltan,'',
eduardo_pratchum,'',
8olinas,'',
guilhermepobiceps,'',
gonzaga,'',
scari0t,'',
krush88,'',
lchereml,'',
tukiller,'',
stadg,'',
littlesenpaipt,'',
irmao_do_feroiz4ever,'',
archmarley,'',
pjotaz,'',
de12deajacied,'',
tinyfalcon1826,'',
glutenfreebot,'',
mrsnrub85,'',
modtherealsedelaorriot,'',
chicogaming99,'',
spacelord89,'',
undertheradaradam,'',
owlkelp,'',
mardewhisky,'',
777goodgirl,'',
caroline5186,'',
zhoira,'',
schviftypop,'',
razuzz,'',
spanna3d,'',
johnstermash,'',
blazenjester,'',
gamerzjuice,'',
truescorpius,'',
ddogg11,'',
wiuly,'',
lutraswe,'',
rachala,'',
wildboyzent,'',
rancid637,'',
chocohazel,'',
eg_crimbot,'',
deserteagle_pwn,'',
brutalgoth85,'',
dking2b,'',
hashimoov,'',
xmadester,'',
bidnesshand,'',
keeg0r195,'',
bigscumpy29,'',
bloomoon11,'',
ninja_kam43,'',
sniiipper,'',
pielovingpoopmanbackup,'',
codefrenzy,'',
callm886,'',
2rip,'',
xallmightyxsosax,'',
ztaraan110,'',
1grimmythereaper,'',
droptoped,'',
garus123,'',
hostilelex,'',
lameladijoe,'',
mahisgo,'',
sir_uf_alot,'',
adstanley84,'',
aga68,'',
art45x,'',
codename76,'Battlefield 4',
darkangelzor,'',
destroyer0123tv,'',
dicker_baer,'',
eminentstranger,'',
grimthornyl,'',
kworry,'',
lammas265,'',
lightcrazyhun,'',
maecmpo,'',
marcusdk12,'',
myplague,'',
noxx12345,'',
plutotrick,'',
realense,'',
scytalus,'',
seniordiesel,'',
theodor373,'',
thxforallthefish,'',
tonytula,'',
tw1cex,'',
viculin,'',
wangadoll,'',
gunshy4,'',
firebird274,'',
sourcherry37,'',
dannyfanny86,'',
schnauzermeat,'',
lojik999,'',
1986vivi2010,'',
airworm23,'',
aklightning21,'',
anyadpicsajat,'',
arnoldvspredator,'',
asktv99,'',
bdutchdabest,'',
beast42day,'',
benne661990,'',
bigfoote,'',
bjj_k,'',
bomer37,'',
bufflord97,'',
cernin,'',
chelskifan73,'',
chrisbingham93,'',
clembo14798,'',
ctrlaltelite2,'',
d3adchimp,'',
darkzz211520,'',
deinfamouspiikkipallo,'',
domsbeast,'',
eat__my__shortz,'',
etex453,'',
fallen1angel1,'',
felitze,'',
finnyuk,'',
four_zero_three,'',
mojitos,'',
frenchtatoo,'',
furwarrior666,'',
giraffeonsti1ts7,'',
girdfox,'',
goweazy,'',
gunnerkid95,'',
heisenbergknoks94,'',
hivlick515,'',
illegalciv,'',
jackfrost03,'',
kohdop23,'',
little_donkey1981,'',
mattytherock,'',
mientkibeton,'',
oddsz,'',
moleculeman_420,'',
murckz,'',
name_here_12,'',
ngfl_wiki_nam,'',
nismo_pt,'',
nosf3rato77,'',
nukamisosann,'',
nyjohnny_fatback,'',
ofcitme,'',
omgitssyl24,'',
plsplaymysongits4mydeadbf,'',
mauran,'',
reallybigrock,'',
sandovaljuan69,'',
sauron15000,'',
sirlj24,'',
skollmer,'',
smitty82x,'',
striker1988,'',
theminersvision,'',
tizi9117,'',
tommy_legend,'',
trefication,'',
unsxblackout,'',
xreaperx27,'',
zooster20,'',
gtaunderdu16,'',
ssmanowarss,'',
frozencanadian,'',
justinfun201897,'',
bugerman52,'',
darkmatterkill,'',
kill1987,'',
obviouslyobscure,'',
prettyboy_prettyboy,'',
xarr,'',
xjuliii,'',
nhl_jeremy,'',
feistymaz1323,'',
anttoni13,'',
myssternassty,'',
blacktalon40,'',
theragingsmurf,'',
paul811181,'',
usmc_trouble,'',
radvlik,'',
brawnsoone,'',
bciy,'',
moikfromsethafrica,'',
nz_royalty,'',
macpaddy,'',
2plus2isfive_,'',
toess97,'',
crazydave92,'',
jimzss,'',
zalesteve,'',
toomuchenergy,'',
zellost,'',
planetrox,'',
thebigchinoman,'',
solidkidmo,'',
datyellowasian,'',
im_guilty,'',
lelthe1st,'',
deralixs,'',
robert_is_reformed,'',
orangeebro,'',
godgachi,'',
snutty69,'',
honest_trihard,'',
nevermore_21,'',
defiledarts,'',
zeolik,'',
soulboy9999,'',
pharatos,'',
friendly5incher,'',
ds2221,'',
puisis,'',
deepon3s,'',
kyrotheshadow,'',
angrymaleman,'',
krazymanrebirth,'',
romulosta,'',
eddiehateseverything,'',
klowns_,'',
commander_serenity,'',
navigatorrrrrrr,'',
cloudburst32,'',
dragonfrosting,'',
geigen,'',
nicolaj897,'',
mac9773,'',
djayr93,'',
cojack411,'',
juliab1,'',
lightblueskies,'',
zacharyskywalker,'',
proviisions,'',
bigboss637,'',
finkdastink,'',
nasto67,'',
fitlerpa,'',
ohitsandrewtran,'',
daithideminiladd,'',
double_bacon_sandwich,'',
pkelly19,'',
bat_man_23,'',
flamethrower54321,'',
mobeus89,'',
devinreyes,'',
captainbilldog,'',
syxke69,'',
hooplla,'',
kenpain,'',
angriesthobbit,'',
crowvalk,'',
jadinen1,'',
sreach19,'',
brabbit83,'',
cdwan33,'',
n3ll3n,'',
xxbrokenkneecapxx,'',
boochyray,'',
mr_aloha,'',
maniacmike78,'',
adamic98,'',
mr_outlaw1,'',
ragnarok386,'',
albertp76,'',
mrcolour5,'',
xxsixpaths666xx,'',
vaelenwolfe,'',
beth_evans,'',
natalieceee,'',
possiblyalii,'',
redtidejay,'',
mayavii,'',
misfittempest,'',
ohutchs,'',
king2beat,'',
elzeve,'',
maoh1234,'',
typhoon79,'',
priv8line,'',
ohdoyle_rulz,'',
ragingblank,'',
getdowndou,'',
aprowolf,'',
24bates,'',
da_fwaming_dwagons,'',
jacaps88,'',
devreyes900,'',
jiminycricket75,'',
stiffyuk,'',
cobranorves1,'',
willywonkathecandyman,'',
imyodeath,'',
stevo71089,'',
mcgregor124,'',
i_never_win_anything,'',
getdown4200,'',
majorhellboy,'',
laxergod34,'',
frankymcspanky,'',
chevyguy93,'',
discosasan,'',
frogsbr34th,'',
dust_865_,'',
zevhowls,'',
papatroll92,'',
princessrestingniceface,'',
lightningkid98,'',
tootall6734,'',
areucerealcc,'',
fraufrau09,'',
bluuberg,'',
shaunie722,'',
llstitchll,'',
tpickles13,'',
abrahamkid15,'',
exgames88,'',
bnoj,'',
viktor12694,'',
alexo0815,'',
kinggekk,'',
iama_norn_mesmer,'',
drooburt,'',
leahlorer,'',
ashockney,'',
beavardos,'',
trentneff,'',
rheckameohs,'',
draw4meplz,'',
spirestone1,'',
lidia83garza,'',
dmedisnotop,'',
therealgirlgamer_21,'',
theendingday,'',
firedragon33,'',
2noobs1mouse,'',
kristinamarilyn98,'',
redtophat,'',
theaardvark1901,'',
winterxrain,'',
rootsbaby,'',
im_a_caveman,'',
lordofgyro73,'',
danhasbareswag123,'',
verydeaddinosaur,'',
simpleeyt,'',
neoex11,'',
misterberu,'',
suicidalcuts,'',
ikorrupt_,'',
the_respector,'',
hennydude,'',
lakinthemoonbear05,'',
solarcloud,'',
yp_blaze,'',
brollyx,'',
urallgheeyss,'',
pinkrabbit93,'',
cramsplay,'',
warchildk9,'',
quibidz,'',
cholthemadman,'',
michaeljordanlul,'',
calebthegreat1,'',
seorex,'',
ikay13,'',
notcapitainetoinon,'',
ahegaoprincess_,'',
lnx222,'',
ne_mooker,'',
eyyore13,'',
craventigress,'',
kjtibbster,'',
edvz1,'',
jwesome,'',
jayfrogg,'',
penpalwow,'',
dancreativo,'',
page3y,'',
rakuratv,'',
globyali9,'',
jrddn,'',
godz_zonez,'',
theonlybroski,'',
ismellcamelto3,'',
hamsterelitex,'',
adz45,'',
lutaris,'',
amazingstikman,'',
richardson300,'',
so_chrispy,'',
l2beast,'',
dinzydetmier,'',
terkennedy,'',
skillzthenewt,'',
infintyuber,'',
exhale_zen,'',
mcsatanism,'',
reveray,'',
potaso2,'',
texkrave,'',
pofuzzy,'',
droolingliver,'',
yummyyummybot,'',
heretic6160,'',
19_hit_u,'',
tedduchamp,'',
whipthorn,'',
roiidamntide,'',
trivia000,'',
mezuzza,'',
rocketleagueprocircuit,'',
thatjamesperry,'',
thegreatgambit,'',
djangotwochainz,'',
flamezen,'',
jimpo1,'',
replect,'',
helpmemommy123,'',
dabronxbomber,'',
alifalafel,'',
bisonbrotha,'',
bg_1,'',
the_3ddster,'',
rhino_rambo_rampage,'',
waxxx_,'',
therasaak,'Resident Evil 6',
slashianist,'',
mawbsta,'',
gert_verhulst,'',
chiction,'',
apolloeieven,'',
thequestbot,'',
xent22,'',
reeceknoll,'',
gualtina,'',
edviomcpvp,'',
noahhthebeast,'',
clunkdaddy,'',
ax1on_ch1llz,'',
defactoderek,'',
llgmaste,'',
b00mitz,'',
frenguin,'',
betsu,'',
bbcomz,'',
superious1_,'',
sidwoo23,'',
penguplaysro,'',
tsm_ninja201,'',
peppersaucetwitch,'',
iansupashurt,'',
kickstar1230,'',
earthdrake75541,'',
iameliasbougas,'',
jason_mander1999,'',
jts_12jags132,'',
joker21073,'',
surabhichaudhary25,'',
skylandsky,'',
rhondus,'',
afterimdead,'',
jace_guitar,'',
activat3d,'',
sk0rp10n3,'',
llamadramas,'',
jokmok_agentur,'',
tinilinchen,'',
angrygeorgehd,'',
poo_poo_poo_poo_poo_poo_,'',
atomicupdate,'',
grizzles_fun,'',
spo0fy,'',
cam1670,'',
xxk0mbatkatxx,'',
mattalica0216,'',
pressdee13,'',
darkreaperxx99,'',
bunny77771430,'',
beedub626,'',
donsergiog,'',
retrojamz101,'',
fenixyu,'',
djtwitch81,'',
littlejbot,'',
hairymeowson,'',
schele0,'',
buttons87,'',
jbenjimin,'',
bigpicturepoker,'',
bundrigtheduck,'',
dragonman2233,'',
df1st,'',
mrpenfold,'',
lljkwalrus,'',
ryank42,'',
aklescostaa,'',
absoluut__,'',
danielzin12,'',
ihardtoxicc,'',
luizvalli,'',
renanb08,'',
dark8447,'',
vipshot,'',
rihangod,'',
animado,'',
jv_rosseto,'',
felliphoso,'',
leo3907,'',
sartorigui,'',
claudiocazula,'',
qyxjr9,'',
maizenamachine,'',
allienzoka,'',
nesk1n_,'',
lonelyakame,'',
tiaguinhogame,'',
sonzera,'',
rickyptbr,'',
mudin22,'',
duduartte1,'',
lucasgreeniee,'',
meganwinchester1999,'',
hallucion,'',
kokorowolf,'',
theallanplays,'',
taconexus,'',
raymundoisme,'',
drtune,'',
kinmarx,'Watch_Dogs',
entergameplay,'',
joeyscarebear,'',
tk_coco,'',
suavejun44,'',
masonbacon00,'',
nice_dude,'',
montecristo01,'',
quimcorleone,'',
lucky_hipster,'',
bulltwo,'',
shabamnuggets,'',
wipeout416,'',
mamradpandy,'',
zahonnn,'',
epicelephantz,'',
riotspiffyph,'',
ziggzagg99,'',
waqah,'',
supermanateeman,'',
princesscathy,'',
lichkinq,'',
houndred,'',
louderup,'',
alexharbringer,'',
rowenthade,'',
destrukt_gaming,'',
skullkid1229,'',
starkline59,'',
s4pphirya,'',
gimipot,'',
noticemedellilah,'',
cuppcaek,'',
kuroz,'',
chaes4,'',
plizma,'',
imtheejester,'',
cptamaziing,'',
jordan9393,'',
aggressivelyaverageplayer,'',
lfrum,'',
coffee_captive,'',
xhalo13x,'',
xxcidxx60,'',
necrozar,'',
gwoonem,'',
jojouth,'',
phantera65,'Battlefield 4',
nyze1610,'',
b1gbossden,'',
stealthtechgaming,'',
akikan000,'',
rune86,'',
afamilyofpuppies,'',
britsky1,'',
chrissie038,'',
dayer2910,'',
deadcanrespawn,'',
hecsalazar,'',
jkoala187,'',
jyxel,'',
khawf,'',
macattac86,'',
mrwozzor,'',
project_bruce,'',
rosantos809,'',
vidx2,'',
wabnappa,'',
water4tw,'',
xxxreddeadxxx,'',
ltiller24,'',
nunuthesavage,'',
erickb4president,'',
3xgaming13,'',
anthony7722,'',
bob_lee_swager84,'',
carlosskate02,'',
charmingvang,'',
childofgod1156,'',
dewirhys7,'',
f4tal_monkey,'',
flirtishus24,'',
frankiefosters,'',
game_junkie71,'',
josh2232,'',
k0k0nl,'',
mjo6678,'',
newarkrome,'',
nicjones83,'',
orangeicon414,'',
ravenouspali,'',
right_again,'',
robonupe,'',
tryster,'',
vargv1kernes,'',
whitequote98,'',
xtortionx,'',
targetheadxd,'',
tanakasenpai_,'',
dr_bugs,'',
karai2b,'',
xxkalabera778xx777,'',
generaltao15,'',
jackie930,'',
djnagorbfikkiloymanphl,'',
testiclaws,'',
redslug,'',
boterie,'',
pecil6,'',
harris_5,'',
disturbedpeace1,'',
dondom,'',
hey_its_avi,'',
cetsdagod,'',
rosca12,'',
pikeyyy,'',
kaptainkartoffel1,'',
goodguykeepo,'',
getnewsubscribers,'',
rooney1971,'',
legitwolf,'',
bigveinyrick,'',
dluffy999,'',
veggy_dishwasher911,'',
hai_pigy,'',
gawdliike,'',
newbie_1337,'',
watermelonkingxd,'',
kylekiller93,'',
xxdemogorgonxx,'',
lugal3211,'',
drkill999,'',
southpaaw0,'',
dansamba21,'',
keeperquotebot,'',
nicod8mus,'',
slivermoons,'',
b00ml2ape,'',
toxicmouse,'',
hai_ily,'',
minniemoomee,'',
waterpr00fteabag,'',
shrillaq,'',
vovangsx,'',
saikodelic,'',
tttaganrog,'',
xtunebuilds,'',
seaking69,'',
defkelset,'',
xxctmxx33961,'',
drragos21,'',
xzimplyeazy,'',
jchau405,'',
nitram_123,'',
chaiikat,'',
madeofiron007,'',
paulovic1,'',
ronald38,'',
warulaf,'',
norgingerboy,'',
stoph242,'',
j_boogie_sf,'',
schlappaho,'',
brgishy,'',
fugwi,'',
fraggleroq316,'',
oo_bootytouch_oo,'',
privateminiarnold,'',
dunkmaster_funk,'',
irishninja72,'',
alphabelgium,'',
tomhuck86,'',
xenerd,'',
falloftheseason,'',
nofight_,'',
vipernlnja,'',
blazeviking,'',
chief__sprout,'',
captainkungfu,'',
garnet4ndblack,'',
kkassem0824,'',
kb1617,'',
loomse,'',
zigztergames,'',
jacosa123,'',
judox27,'',
digital0077,'',
satan1947493,'',
tbads,'',
gam3rg1rl22,'',
alexburling1,'',
hobs_hype,'',
axeman4077,'',
avichay03,'',
bigbrian13,'',
tetrix_gauss,'',
crv12484,'',
hadrian_blackwater_,'',
lifeissimple23,'',
xd_aqua_,'',
ayumi_seok,'',
thetruthkurts,'',
british_ekul,'',
spevensteilberg,'',
nightwingxero,'',
godzxalucard,'',
bradleygraham98408,'',
thesleasy1,'',
tonythe_tiger108,'',
13tishi,'',
edboxplays,'',
unomeasjay,'',
jontheking3,'',
wwarnightblade,'',
masterj87,'',
tr1ck_itgfa,'',
haylbayl0412,'',
dani2475,'',
kingomega345,'',
reynolds95,'',
ink_slinger2,'',
outlawassassin93,'',
watermaster9,'',
i_shot_that,'',
topes01,'',
mat396,'',
radlandtv,'',
burnsshadow,'',
gimpoo,'',
thepopo187,'',
echohakz,'',
snowdogboy,'',
malthemiracle,'',
snugz0529,'',
degenerate_slob,'',
rayn3rv,'',
sapphirexcrown,'',
leofff,'',
schwartzart,'',
trissmerigoldpl,'',
d3yst,'',
iconicshoe,'',
ralgha_nar_hhallas,'',
fattymcwhite,'',
princesuperfly,'',
airronkgt,'',
cr33p3r101rul3s,'',
xjabels,'',
andrepcatss,'',
claraisbored,'',
freeicepops,'',
pedronyc1,'',
marcymercy,'',
mynameisseanhello,'',
snc87,'',
rusticnoobs,'',
kaworu517,'',
hell0ali,'',
w33d_ms,'',
fieryshaker,'',
trfingul,'',
spida666,'',
nico221,'',
jimsuperbleeder,'',
d0m1nant,'',
gurrkankonukcu,'',
kyrinhusky,'',
mjznu,'',
ragingbrainer,'',
poor_gamer18,'',
steven_tsi,'',
mrbudthepug,'',
piskca,'',
mikerobles,'',
retired50,'',
sgpgf,'',
james_lawrence,'',
frutapodrida,'',
kyunky,'',
americancommunist,'',
bethdevlin,'',
beefcakekfc,'',
sanzabear,'',
jramirez113,'',
scornofthemoon5,'',
zambuki,'',
trysoft_troll,'',
jakejakayostream,'',
blowjohnsz,'',
zaggabrah,'',
brbonobo,'',
reegzlive,'',
themanneredbear,'',
crazy_ed18,'',
mintpixel,'',
iinnkbot,'',
hippoday,'',
d0nut1212,'',
tailorednation,'',
madams5,'',
korchythegreat,'',
brokensmilez,'',
lixemgt,'',
oxyraius,'',
dandyu1,'',
torontofilmschool,'',
xsoten,'',
cromi38,'',
eathim,'',
se7enexv,'',
deadpool2253,'',
phattrng,'',
tinzien,'',
tankeray_,'',
dc_nova,'',
devil6idle,'',
schriftyvr,'',
ryan8804_,'',
donsamsonite,'',
blennu,'',
goheelsgoamerica,'',
cronoclone90,'',
vardev,'',
marioblix,'',
betty_johnnymac,'',
letsgopooptogether,'',
dutchvanya,'',
darksoulspro45,'',
ibagzli,'',
nugget888,'',
questygg,"""PLAYERUNKNOWN'S BATTLEGROUNDS""",
plumorprune,'',
izzenvolt,'',
fredarsenal13,'',
rltypecaster,'',
rajeeshke,'',
friendlyfireization,'',
tael0,'',
notreallygood,'',
enq_0,'',
kingkamala99,'',
bobjimmybob,'',
damirnoob,'',
alexandrrrra,'',
arima_kousei67,'',
lolafrumi93,'',
memetastics,'',
koutsio,'',
zimperbimper,'',
eshaaaaabisdha,'',
vladone15,'',
arngrybird,'',
joshtoxicity,'',
manamilshakir,'',
riomick,'',
fizzypops14,'',
cptchuns,'',
estupendoenfant,'',
kazuki70,'',
vesri,'',
leansaltine,'',
vollerite,'',
jeffreestar_inactive,'',
mochez18,'',
bbarrows24,'',
lnerzia,'',
golltwit,'',
blacklight_test,'',
wfsd1,'',
sprinkleking,'',
justnixxiie91,'',
councilmenb3n,'',
divaniium,'',
jjflawz,'',
rexmanly,'',
bozokaboy,'',
beyond_saints,'',
sanchez2113,'',
asteo07,'',
plabonovo,'',
natecollapse,'',
krazylazer,'',
mackota,'',
lukcyx,'',
fivesiren,'',
froggened,'',
thecraftyginger,'',
riverratgaming,'',
punkbatsu,'',
ro0ster4k,'',
diandrepuba,'',
hypnotiq777,'',
randomray,'',
reqqun,'',
kalisaurartwork,'',
moopoker,'',
oceanmannn,'',
ablun,'',
xrobotdinosaurx,'',
theauthenticsimpsonian,'',
mr_andre_,'',
dlu1016,'',
kappalol2,'',
saadprolol,'',
virtuozfps,'',
mythzsss,'',
escanoronfire,'',
kaikeo,'',
cocchi_,'',
lukslima35,'',
rlphmr,'',
matyzzx,'',
brunobta,'',
andersonkuehne,'',
1stssaint,'',
xis12,'',
getpest,'',
merthanntc,'',
zaarakitv,'',
huzzicorn,'',
gunslinger_jw,'',
phage,'',
bubz949,'',
kaaonashi,'',
its_darling_skyfall,'',
boogskenschiet,'',
littlescamp,'',
roblomer,'',
thorg_,'',
satanismymother,'',
gamerjudge,'',
youdontlikeme123,'',
kyraeu,'',
skiing6598,'',
mrgenostv,'',
simply_sly_,'',
smurfingathenos,'',
walisonmm,'',
exo314,'',
dirtyanncommentateur,'',
ek654,'',
bladesedgenz,'',
nullsoldier,'',
planetside2dev,'',
sojooman,'',
mikaelaron020,'',
0rdinary,'',
czechgamingheart,'',
esbeni,'',
addisoncreations,'',
fullmettalderp,'',
drizzt1987,'',
sgtbeotch,'',
melvillefinster,'',
koolxaidxlim3,'',
eliterebel2016,'',
twilightwalker,'',
wallbangology,'',
stalleee,'',
livelag,'',
drewcap24,'',
digdug74,'',
iamsuperjnub,'',
jankygames,'',
greasyw00t,'',
gack134,'',
babypaul1994,'',
kc22147,'',
yungbollsack,'',
jearlzy,'',
kade187,'',
wulfiedk,'',
crazy_kelsey,'',
the3picgamer,'',
hotwhiskeyeyes,'',
believeinnomis,'',
crazybeautifulx,'',
evolution99,'',
balancemaker8,'',
cuban_sanwich,'',
dukedeleon,'',
eric71ee,'BATTLEFIELD #3',
fenrirthechosen,'',
hanksen,'',
jay_arr_bee,'',
kckckckckckc,'',
lazzy_eyes,'',
maplem0ose,'',
slythefoxgaming,'',
ysion,'',
mannyduval,'',
loonyontop22,'',
ak5c_blazed,'',
argaming21,'',
deebee4321,'',
dirtywhiteboy612,'',
epicsilencer9,'',
ifunnyaddict,'',
immajoe,'',
jaod0410,'',
jordyefcpro,'',
laddaren,'',
moore1006,'',
nairobi2,'',
nrgxchirronixx,'',
pnelad14,'',
swankysimba,'',
tks_,'',
w33d90,'',
valadiex,'',
xoxjamxox,'',
angeloid_z,'',
er_nany,'',
lapin_noir,'',
michita,'',
spaceacepeanut,'',
ungrokkable,'',
watamilu,'',
5ini5n,'',
darthufo,'',
x__gooch__x,'',
gabengs,'',
usf_deadeye,'',
blickity,'',
haze_x_nitro,'',
twitchconpubcrawl,'',
bihimosu,'',
bankscammedpoornow,'',
puppysocks,'',
realrizadon,'',
mrnoobsaucer,'',
chriskhachiefa,'',
omgacow,'',
insane1234999,'',
jackson5150,'',
michael_0,'',
xdmario,'',
stencil_jojo,'',
yisaa_,'',
dljunkie1,'',
kharake,'',
kneedragger_12r,'',
kaymatsuo,'',
slopstream,'',
beed_wrownie,'',
leagueofnoah,'',
seeevg,'',
kaistargaming,'',
valandginger,'',
wrektt,'',
nochaserstacer,'',
jstarbuck101,'',
tim0302,'',
blufaith,'',
sylicon,'',
drehzz,'',
dandyapples25,'',
rexmag,'',
katster92,'',
kiwi_s0ldier,'',
kage_shini,'',
r2kmidnight,'',
soldier4lion,'',
nabybro789,'',
prodigeepunk,'',
osodit2,'',
tonio_isia,'',
spookykirby04,'',
gerryboo87,'',
haiitskatsa,'',
lifesgood,'',
lekamo,'',
stacks8686,'',
h5w_tc,'',
chaindrive35,'',
duifjeroekoe,'',
nealdeal05,'',
cursedmessiahx,'',
insane_ghost,'',
itsmorphintime,'',
phreezx,'',
moobergmd,'',
lostjohn,'',
drhux,'',
bugtek,'',
xe1cheeky_,'',
waynekline,'',
shadowtalent,'',
rawkinit,'',
pipsprite,'',
tcakes56,'',
darealspartangod935,'',
snorelax504,'',
duvalbandit,'',
dachurchbot,'',
saltysaurusrekt,'',
t1ll3r_,'',
redpyramind,'',
squiljam,'',
richard93dj,'',
egoman91,'',
intoxicatious,'',
definitely_not_golemous,'',
supereoqthethird,'',
beam_teer,'',
fuknugget,'',
oakenshield,'',
gamingjamari,'',
g4merjoe,'',
nobuyuki,'',
inhale,'',
sspooka,'',
queenyuffa,'',
thehumangame1,'',
dolerus,'',
idgtjakegates,'',
sir_soda,'',
crewmanpilot867,'',
quetzal92,'',
derpgaming98,'',
banditplays,'',
seriousleegaming_,'',
slugtest,'',
dibbletiki,'',
streamtest0824,'',
metal_barbie_x,'',
ipadave,'',
jarheadofww11,'',
bitwiser,'',
stretchyalien,'',
cmdr_hugh_mann,'',
mikeyfrombrooklyn,'',
spencerlolzzz,'',
trickmaster202,'',
xerazt,'',
stroller__tipper,'',
stevebott,'',
vmv19,'',
insulinman23,'',
pennystormfire,'',
brunosds1,'',
ironariex,'',
shardeus,'',
revpoetry,'',
vortex_cain,'',
lordbbz,'',
cablegrimtv,'',
wolfotter,'',
privatejax1,'',
damitholtx,'',
lordzuko_,'',
guiifernandes_,'',
davenemeses,'',
michizures,'',
frenchiegaming,'',
65smile65,'',
mhw5nc,'',
nollynyt,'',
whodatmeerkat,'',
psyonix_jadkins,'',
neandermole,'',
tridozz,'',
thundermonkey70,'',
vicegold,'',
malenko_,'',
stooop,'',
uomin1_,'',
karmagonewild,'',
kylelemmon,'',
jumpfake,'',
sunstreuxx,'',
madstoney,'',
dellyjoe,'',
gemer151,'',
benxur,'',
rezym123,'',
smurfffffffffff,'',
seboomafoo,'',
dole3092000,'',
gunsterz,'',
thenikeog,'',
fmpazzer,'',
progamer685,'',
herr4x,'',
crimsoncart,'',
farhanmusicworks,'',
sim1447,'',
kacedawg,'',
ganamite,'',
kakarotopl9000,'',
kimberlysilver,'',
shiver2,'',
kamai77,'',
julieofficiel26,'',
codex_xx,'',
nyderalia,'',
baronessfluffy,'',
river_exe,'',
ash_deep,'',
alfo13,'',
kailalee,'',
theonemute,'',
wraithentertainment,'',
vraydenn,'',
thevigilantefanboy,'',
colton455678,'',
wallawallaflashbang,'',
dark_bear44,'',
lusupreme,'',
chaosdroneuniversim,'',
direwolfga,'',
craaazywhiteboiii,'',
lfgesus,'',
gabbasaurus_rex,'',
hakabakashiii,'',
kxrch,'',
jaju123,'',
cmahaff,'',
justac,'',
danl0,'',
markonim,'',
marciekxd1,'',
justacartoonistofficial,'',
muzza_tron,'',
beardybeard,'',
curryj,'',
momo217,'',
zakaria1002,'',
bobicobain,'',
abiel33,'',
gustavorenne,'',
rev0ltz1,'',
gufaller_,'',
joaovbmt,'',
heder_medeiros,'',
m4xfir3,'',
carv___,'',
pierre_bonaparte,'',
pistori_,'',
vituchoozigyy,'',
darkzeroprojectz,'',
dailot,'',
formantiis,'',
716_meliss,'',
showelbowspls,'',
treavermg,'',
stevenheberer,'',
m_a_n_e_,'',
imtommyabrownsfan,'',
bretbb1,'',
pythondoodles,'',
brozan,'',
wendichen,'',
faderrs,'',
j_fizzle242,'',
upward98,'',
austinpete00,'',
thebluenovo,'',
basil_the_crusher,'',
zilianstillop,'',
psychobytchbarbie,'',
pixelpiegames,'',
bkkh92,'',
cwad0,'',
chrissnextdoor,'',
c0herent,'',
casajp,'',
riegel3,'Final Fantasy XIV Online: A Realm Reborn',
fazeshadings,'',
rai_dei,'',
99pancakez,'',
dominatorguynz,'',
rodiaths,'power blade 2',
jelloranger,'',
lskn,'',
cybrbruh,'',
marykaoniki,'',
the_little_wabbit,'',
jamosis,'',
hello__free,'',
dugz6980,'',
ijellyn8,'',
engine_7,'',
relearart,'',
wolverine32x,'',
pocketnite,'',
digitaldesigns93,'',
saintrode,'',
trillking300,'',
rocky_rode,'',
rasekar,'',
holomatt,'',
typhoon_justin,'',
heavenlyzombie,'',
heerghost,'',
wisteriac,'',
poweradezero1,'',
jedimunchies,'',
kman510,'',
lloydyuk,'',
seabeorn,'',
luterin70,'',
axeldegrecis42000,'',
childrnofdrkness,'',
emilio200878,'',
ihazzplayz,'',
new_goofy,'',
pretty_uglyxd,'',
zasasaurus,'',
scalz27,'',
anti_protest,'',
militantpsycho,'',
jubabuba,'',
thereaper520,'',
grapiegoo,'',
sushicatbot,'',
tripx6,'',
negroaffiliate,'',
rithic3,'',
poemrs,'',
exdefined,'',
illuminaughtyxo,'',
rulleroger,'',
duripen,'',
ab732,'',
twitchplays_wow,'',
fertagus69,'',
xbright1,'',
banned_for_an_opinion,'',
monsterhand,'',
mikeymelikey,'League of Legends',
edsad213,'',
gnumnums93,'',
skw1sh,'',
nsraw_,'',
questionablequality,'',
asianinvasionz17,'',
mooneytunes,'',
flinttown28,'',
21jgara200,'',
runiclaw,'',
khaleesi73,'',
yaseen112356,'',
gigahertzs,'',
xiiibigmeeko,'',
voicelessgamers,'',
jacobperez80,'',
juicybacon956,'',
beaststyle9,'',
director_james_smith,'',
trickshotterxskullzl,'',
zeruler69,'',
punkette1026,'',
dr__krieger,'',
flyinghigh74,'',
chief4life1,'',
xxbloodspawnxx,'',
young_cesar_77,'',
kingjiraiya,'',
frickin_kid,'',
gizadragon,'',
soferro,'',
tristan6219,'',
dj_roadblock,'',
xbvh,'',
dan2921,'',
webermenjensen,'',
gerardthemighty,'',
tiikeri74,'',
bellaboo53,'',
animestatic84,'',
blzz,'',
dipseas,'',
katiespickle,'',
breakshots1,'',
deathbynooobstick,'',
batgamer,'',
gamingbyfaro,'',
wolfie487713,'',
dbzhung,'',
volac,'',
thatonefatguylol,'',
timewornobject,'',
bas1kz,'',
kunfyoozdish,'',
portertheartist,'',
panda3k_,'',
psychopompgg,'',
instructor6,'',
zachfx_,'',
nicklausgg,'',
asix_frenzy420,'',
termenoil,'',
ashurirs,'',
bullgamespc,'',
the_salty_jug,'',
lalaart,'',
zombiespider95,'',
bigdirtymitch,'',
b_meggs,'',
trugennix,'',
masterliung,'',
puzzllegaming,'',
mastergbn,'',
gorlgaymer,'',
secretasianmaniam,'',
zombie_billicades,'',
glassdecaf,'',
syaoren,'',
draconus_1984,'',
duncandubois,'Dark Souls',
rhinomicals,'',
shagski,'',
frequent_dreamer,'',
ladyfaelynn,'',
the_actual_dude,'',
jeditojanen,'',
ayaya_shino,'',
diabeticduo,'',
als8931,'',
electedhat006,'',
sodatester,'',
cliffbleszinskirules,'',
qu33nz_90,'',
maligree1337,'',
fixesports,'',
boston_stats,'',
dragoneon,'',
dirtyminuth,'',
protatoes_,'',
fifa101boy,'',
fanaticflyer,'',
cubicsand,'',
supa_shakes,'',
stevesharpe,'',
lfmannfield,'',
ertunc,'',
sorrygameover,'',
chaos_ox,'',
grandthefthaxor,'',
kyunit,'',
epictuesday,'',
guthixhere,'',
griblit,'',
dolphinsquared,'',
nhocbmtcb5,'',
cdelt,'',
blank_70,'',
mastersemen,'',
lumikola,'',
mrsrespawn,'',
f2steve,'',
drwjs,'',
anniblah,'',
sillyywillyy,'',
themmawizard,'',
roguecat,'',
pricus,'',
bobonyc103,'',
steelbrigade82,'',
vsnacks,'',
purplemonkey121,'',
xerode,'',
nightbanegaming,'',
not_trax,'',
godv_tv,'',
gymkhanagridfinals,'',
shiqaritv,'',
electricbird1,'Spec Ops: The Line',
slaughtermasta,'',
nonsensicalspuds,'',
billybojangalz,'',
crasha_nova,'',
bloodravyne,'',
captainplanutz,'',
nextpese,'',
d20hero,'',
bad_robot,'',
demongirl38,'',
donkeykong75m,'',
dailysmiles,'',
railyx,'',
thatoneveigar,'',
shortyyguytv,'',
khalidbelghazi1,'',
1kims,'',
devilctor,'',
asg112,'',
aqyilles,'',
ktzera,'',
jonathan_asdas,'',
phfps1,'',
ticketstohere,'',
drunkenkidney,'',
mixedbaggames,'',
alleging,'',
muddy07,'',
aixi_,'',
waveycrip,'',
the_one_87,'',
burtniemichelle,'',
remy999888,'',
riiillleeeyyy1,'',
xlifeowner,'',
imightbeyourfather,'',
gamercurtis,'',
kenzer99,'',
ghostfox318,'',
oska1127,'',
awesomeaaron,'',
goblingaab,'',
emersonspartz,'',
sneaky_infidel,'',
diddlydoo12,'',
frijol25,'',
pintriggles,'',
saadesigner,'',
keikown,'',
tb_zinks,'',
patuba13,'',
itzcrazy_j,'',
shadowkinggp,'',
sant117,'',
little_lavender,'',
theangelvigil,'',
justkevlar,'',
dwiggy88,'',
fukyofeelinscrew,'',
toolboxtommy,'',
spacechocomuffin,'',
darkoiv,'',
gorczy,'',
ryblew,'',
alphawhisky410,'',
angerii,'',
big_dog33,'',
garyhartmann,'',
hasslehoff19,'',
lockdowntime,'',
napalmjunglist,'',
silverpuff,'',
slyfox10,'',
xerosugar,'Dead Space 3',
admiral_tyrant,'',
eetvarttti,'',
cozey4,'',
emcson1234,'',
warlock116,'',
ismokeymcdabs,'',
boomje11,'',
hurricanemarco5,'',
lancepants28,'Battlefield 4',
gamedevcorp,'',
zorb_49,'',
purefocusxz,'',
the_punjabi_mc,'',
shay_kirbuti,'',
ham7876,'',
wet_doorknobs,'',
sneakychalupa,'',
thompsontommy,'',
wolfrag,'',
mclaren_,'',
meegash_,'',
exoz1337,'',
caralunara,'',
bearlivesmatter,'',
idepthi,'',
swamp3445,'',
stevenadd1978,'Call of Duty: Black Ops II',
sonikdevil,'',
hungrylouna,'',
shastaswag33,'',
weaves107,'',
therikito,'',
greywolf_pred,'',
crostrider,'',
milla_time_27,'',
johnnybravo777,'',
realistikill,'',
moondax,'',
euphoricdragon,'',
chris_charron,'',
damonsterfiend,'',
landict,'',
nachoman2802,'',
theskyrack,'',
tafrancis,'',
charlio84,'',
mikem808,'',
smartkill007,'',
stopurcheating,'',
elovate,'',
nyne420,'',
frostbytelotus,'',
bean84_911,'',
rennoc123,'',
tehbaerman,'',
steeldustjunkie,'',
choice2lahhh,'',
teary1975,'',
short7stop,'',
iam_smitty,'',
apolloserenus,'',
isorahisa,'',
modares,'',
yeshuaruled,'',
jack_stevens,'',
petexi27,'',
krissyrenee95,'',
trollyyt,'',
legendofjessica,'',
calerguy,'',
legendarysentinel,'',
mistermusic,'',
crunketh,'',
thisislee1992,'',
astralgoat13,'',
bittahdragon,'Hearthstone',
t0ughsp0t,'',
traizen24,'',
darkangelofnaught,'',
cochi_tv,'',
emilianyan,'',
jaysquared,'',
leukotea,'',
xaviar10,'',
ladywanderer,'',
hebard22,'',
desktel1,'',
murderousmallard,'',
bitcoinminer,'',
blitwitch,'',
ohdipz,'',
yoshiir1,'',
atlantalivin,'',
sao_wolf,'',
stash247,'',
rey4ever,'',
o3000,'',
maxacceleration,'',
mdereve,'',
tytanis_,'',
kettlescobbly,'',
shadowmask12,'',
threeeightysix,'',
vampirekilla218,'',
greatthane,'',
widemouth349,'',
incicive,'',
tetsusugita,'',
idiotplays,'',
bowman_bros,'',
fejkerino,'',
flxmtn,'',
araskianeats,'',
rengarkitty,'',
mirror0423,'',
monsitumo,'',
argatand,'',
levi4than,'',
bowtiesareschnazzy,'',
gplusb,'',
frzliquid1ce,'',
robpo4,'',
bandagebread,'',
realtalkii,'',
witnesstheklutz,'',
neetace,'',
akensod,'',
blasterrino,'',
baconlung,'',
kingramseys88,'',
mrbildo,'',
exsaviorog,'',
highlights3000,'',
whytrymalik,'',
stricklan,'',
maplekitten_,'',
sregoi86,'',
bobflorin,'',
renegadosgamers,'',
8989jkl,'',
justleelucas,'',
llammorra,'',
noleeto,'',
scouts_rebellion,'',
daybeat_,'',
lynwildwood,'',
leelac,'',
estrono,'',
gunwright,'',
normalguyfrompoland,'',
quickplayeventsltd,'',
untalnico96,'',
doitbiggamers,'',
taperingmule,'',
sharktopuswow,'',
hayvee,'',
ogkoi,'',
duskylump,'',
bytemesenpai,'',
akira13sann,'',
nabust0,'',
skimmmilkk,'',
realgfxalert,'',
miseinen,'',
paulmclaren51,'',
murdlo,'',
alexape123,'',
pokerufcfan,'',
hamburglar_games,'',
imadeafart,'',
buratiino,'',
godlikesanta,'',
valentineio,'',
farfarr_geek,'',
lol_cburn,'',
imlegit87,'',
snowboy456,'',
kodak_god,'',
digolasdk,'',
heitta,'',
gsv182,'Undertale',
belinkimann,'',
vdkspirit,'',
keagster101,'',
moisture2012,'',
garrison2003,'',
yo_soy_feilpe,'',
predragpesic16,'',
bygmak,'',
trox_bot,'',
supernarwal999,'',
bgloves69,'',
barroth,'',
fuegee,'Call of Duty: Black Ops III',
greymore_,'',
z4stormshadow,'',
mama_val,'',
jfournier555,'',
endoftheage,'',
polwhyle,'',
wabarus,'',
darth_denny,'',
groggii,'',
zianighthawke,'',
ughthecaveman,'',
rustee78,'',
yootrav,'',
m104,'',
thecoolgamercaleb,'',
kaylark,'World of Warcraft: Mists of Pandaria',
jpscissors,'',
cybermens,'',
njniavanderwald,'',
hoshizorarinn,'',
straburry,'',
ivydrx,'',
bonniebongs,'',
myth0dic,'',
ubercraftier,'',
blaserr,'',
saleh597,'',
ridens_bull,'',
battlefieldlordtiger,'',
jrdc_gamer,'',
meanrodent,'',
bearontwolegs,'',
gomez7654,'',
kingcurt757,'',
leonidaspartan,'',
lordof8mages,'',
phantomclaymore,'',
psn_chavez54,'',
teelee559,'',
gunnrrs,'',
sean_88_,'',
sm3d3n,'',
sinshou,'',
achilles_iv,'',
nikita23008,'',
darkness7531,'',
alexb33333,'',
zerked_off,'',
elusivex99,'',
clocks_77,'',
kilmichel1,'',
coolabeanz,'',
gdawg16,'',
turoqq,'',
cowtongue,'',
sweg21gamer,'',
bundledtown,'',
itssmoko,'',
kylejames92,'Counter-Strike: Global Offensive',
thewelshygamer,'',
hasancin,'',
kingrvp20,'',
jdewin,'',
superderio64,'',
roflhemad,'',
robbiehood5,'',
spex4wild,'',
eternoxiipure,'',
gamecraftplayer,'League of Legends',
bazookaslug,'',
swervza,'',
bryan_crowley,'',
cougartooth,'',
ampxmemoriez,'',
fanciestamoebao,'',
deecalhoun,'',
kabniel504,'',
mtagg_izzy,'',
mnofsteel34,'',
jackrtades,'',
thatgirlmercedes,'',
iiparad0xii,'',
medusa_model_47,'',
pixel_o17,'',
itsbella_troilo,'',
enjiebenjie91,'',
ron4164,'',
xxrockstar123xx,'',
jerrykiller92,'',
shiftry275,'',
gherkinlurkin,'',
litenight,'',
rare__2,'',
asmilethief,'',
mnguy51,'',
ianwarr,'',
bull3tboi,'Dota 2',
bluerequiem,'',
maetownn,'',
thezcrafters,'',
enrichmentsrs,'',
mentalnichallangerzy,'',
eksal95,'',
strongmotives,'',
fulton_27,'',
qthagawd,'',
hulkybob,'',
xbigx_gaming,'',
linny9,'',
watermaione,'',
daniielsson,'',
horrorgeekmel,'',
napkin0430,'',
danny638839,'',
themeatg8r,'',
the_ox8,'Call of Duty: Black Ops III',
miimiick,'',
watermelonquisha1,'',
amencowbot,'',
droningaming,'',
dunkersftw,'',
fertonok,'',
wheygod,'',
amorix,'',
xenonblue,'',
gamindamon,'',
scholari,'',
